Unnamed: 0,customerID,gender,SeniorCitizen,Partner,Dependents,tenure,PhoneService,MultipleLines,InternetService,OnlineSecurity,OnlineBackup,DeviceProtection,TechSupport,StreamingTV,StreamingMovies,Contract,PaperlessBilling,PaymentMethod,MonthlyCharges,TotalCharges,Churn,tenure_years,spend_per_month,churn_probability,churn_prediction
0,7590-VHVEG,Female,0,Yes,No,1,No,No phone service,DSL,No,Yes,No,No,No,No,Month-to-month,Yes,Electronic check,29.85,29.85,No,0.0833333333333333,29.85,0.6410278652885176,Yes
1,5575-GNVDE,Male,0,No,No,34,Yes,No,DSL,Yes,No,Yes,No,No,No,One year,No,Mailed check,56.95,1889.5,No,2.833333333333333,55.5735294117647,0.041168550471142096,No
2,3668-QPYBK,Male,0,No,No,2,Yes,No,DSL,Yes,Yes,No,No,No,No,Month-to-month,Yes,Mailed check,53.85,108.15,Yes,0.1666666666666666,54.075,0.29660313532738297,No
3,7795-CFOCW,Male,0,No,No,45,No,No phone service,DSL,Yes,No,Yes,Yes,No,No,One year,No,Bank transfer (automatic),42.3,1840.75,No,3.75,40.90555555555556,0.028591277251945955,No
4,9237-HQITU,Female,0,No,No,2,Yes,No,Fiber optic,No,No,No,No,No,No,Month-to-month,Yes,Electronic check,70.7,151.65,Yes,0.1666666666666666,75.825,0.6978224681782336,Yes
5,9305-CDSKC,Female,0,No,No,8,Yes,Yes,Fiber optic,No,No,Yes,No,Yes,Yes,Month-to-month,Yes,Electronic check,99.65,820.5,Yes,0.6666666666666666,102.5625,0.7828096790126319,Yes
6,1452-KIOVK,Male,0,No,Yes,22,Yes,Yes,Fiber optic,No,Yes,No,No,Yes,No,Month-to-month,Yes,Credit card (automatic),89.1,1949.4,No,1.8333333333333333,88.60909090909091,0.4815318050467094,No
7,6713-OKOMC,Female,0,No,No,10,No,No phone service,DSL,Yes,No,No,No,No,No,Month-to-month,No,Mailed check,29.75,301.9,No,0.8333333333333334,30.19,0.30758833544183106,No
8,7892-POOKP,Female,0,Yes,No,28,Yes,Yes,Fiber optic,No,No,Yes,Yes,Yes,Yes,Month-to-month,Yes,Electronic check,104.8,3046.05,Yes,2.333333333333333,108.7875,0.6021775849509984,Yes
9,6388-TABGU,Male,0,No,Yes,62,Yes,No,DSL,Yes,Yes,No,No,No,No,One year,No,Bank transfer (automatic),56.15,3487.95,No,5.166666666666667,56.25725806451613,0.010840692971822254,No
10,9763-GRSKD,Male,0,Yes,Yes,13,Yes,No,DSL,Yes,No,No,No,No,No,Month-to-month,Yes,Mailed check,49.95,587.45,No,1.0833333333333333,45.18846153846154,0.20220406344242706,No
11,7469-LKBCI,Male,0,No,No,16,Yes,No,No,No internet service,No internet service,No internet service,No internet service,No internet service,No internet service,Two year,No,Credit card (automatic),18.95,326.8,No,1.3333333333333333,20.425,0.028289797868795062,No
12,8091-TTVAX,Male,0,Yes,No,58,Yes,Yes,Fiber optic,No,No,Yes,No,Yes,Yes,One year,No,Credit card (automatic),100.35,5681.1,No,4.833333333333333,97.95,0.16854282595171838,No
13,0280-XJGEX,Male,0,No,No,49,Yes,Yes,Fiber optic,No,Yes,Yes,No,Yes,Yes,Month-to-month,Yes,Bank transfer (automatic),103.7,5036.3,Yes,4.083333333333333,102.78163265306122,0.4210589773205762,No
14,5129-JLPIS,Male,0,No,No,25,Yes,No,Fiber optic,Yes,No,Yes,Yes,Yes,Yes,Month-to-month,Yes,Electronic check,105.5,2686.05,No,2.083333333333333,107.442,0.4470919094907656,No
15,3655-SNQYZ,Female,0,Yes,Yes,69,Yes,Yes,Fiber optic,Yes,Yes,Yes,Yes,Yes,Yes,Two year,No,Credit card (automatic),113.25,7895.15,No,5.75,114.42246376811592,0.037036632715520525,No
16,8191-XWSZG,Female,0,No,No,52,Yes,No,No,No internet service,No internet service,No internet service,No internet service,No internet service,No internet service,One year,No,Mailed check,20.65,1022.95,No,4.333333333333333,19.672115384615385,0.00821744960143209,No
17,9959-WOFKT,Male,0,No,Yes,71,Yes,Yes,Fiber optic,Yes,No,Yes,No,Yes,Yes,Two year,No,Bank transfer (automatic),106.7,7382.25,No,5.916666666666667,103.97535211267606,0.04817254092930526,No
18,4190-MFLUW,Female,0,Yes,Yes,10,Yes,No,DSL,No,No,Yes,Yes,No,No,Month-to-month,No,Credit card (automatic),55.2,528.35,Yes,0.8333333333333334,52.835,0.16930027334456516,No
19,4183-MYFRB,Female,0,No,No,21,Yes,No,Fiber optic,No,Yes,Yes,No,No,Yes,Month-to-month,Yes,Electronic check,90.05,1862.9,No,1.75,88.70952380952382,0.5526565463164197,Yes
20,8779-QRDMV,Male,1,No,No,1,No,No phone service,DSL,No,No,Yes,No,No,Yes,Month-to-month,Yes,Electronic check,39.65,39.65,Yes,0.0833333333333333,39.65,0.7494423976257222,Yes
21,1680-VDCWW,Male,0,Yes,No,12,Yes,No,No,No internet service,No internet service,No internet service,No internet service,No internet service,No internet service,One year,No,Bank transfer (automatic),19.8,202.25,No,1.0,16.854166666666668,0.06892047401256916,No
22,1066-JKSGK,Male,0,No,No,1,Yes,No,No,No internet service,No internet service,No internet service,No internet service,No internet service,No internet service,Month-to-month,No,Mailed check,20.15,20.15,Yes,0.0833333333333333,20.15,0.19834089696781415,No
23,3638-WEABW,Female,0,Yes,No,58,Yes,Yes,DSL,No,Yes,No,Yes,No,No,Two year,Yes,Credit card (automatic),59.9,3505.1,No,4.833333333333333,60.43275862068965,0.014531171697664425,No
24,6322-HRPFA,Male,0,Yes,Yes,49,Yes,No,DSL,Yes,Yes,No,Yes,No,No,Month-to-month,No,Credit card (automatic),59.6,2970.3,No,4.083333333333333,60.61836734693878,0.024521932416279126,No
25,6865-JZNKO,Female,0,No,No,30,Yes,No,DSL,Yes,Yes,No,No,No,No,Month-to-month,Yes,Bank transfer (automatic),55.3,1530.6,No,2.5,51.02,0.11487967705702441,No
26,6467-CHFZW,Male,0,Yes,Yes,47,Yes,Yes,Fiber optic,No,Yes,No,No,Yes,Yes,Month-to-month,Yes,Electronic check,99.35,4749.15,Yes,3.9166666666666665,101.04574468085106,0.47889877374678036,No
27,8665-UTDHZ,Male,0,Yes,Yes,1,No,No phone service,DSL,No,Yes,No,No,No,No,Month-to-month,No,Electronic check,30.2,30.2,Yes,0.0833333333333333,30.2,0.5151122282100292,Yes
28,5248-YGIJN,Male,0,Yes,No,72,Yes,Yes,DSL,Yes,Yes,Yes,Yes,Yes,Yes,Two year,Yes,Credit card (automatic),90.25,6369.45,No,6.0,88.46458333333334,0.014212527988978409,No
29,8773-HHUOZ,Female,0,No,Yes,17,Yes,No,DSL,No,No,No,No,Yes,Yes,Month-to-month,Yes,Mailed check,64.7,1093.1,Yes,1.4166666666666667,64.3,0.34905493882672184,No
30,3841-NFECX,Female,1,Yes,No,71,Yes,Yes,Fiber optic,Yes,Yes,Yes,Yes,No,No,Two year,Yes,Credit card (automatic),96.35,6766.95,No,5.916666666666667,95.30915492957746,0.030096783104259995,No
31,4929-XIHVW,Male,1,Yes,No,2,Yes,No,Fiber optic,No,No,Yes,No,Yes,Yes,Month-to-month,Yes,Credit card (automatic),95.5,181.65,No,0.1666666666666666,90.825,0.7236133487582046,Yes
32,6827-IEAUQ,Female,0,Yes,Yes,27,Yes,No,DSL,Yes,Yes,Yes,Yes,No,No,One year,No,Mailed check,66.15,1874.45,No,2.25,69.42407407407407,0.03258900809313728,No
33,7310-EGVHZ,Male,0,No,No,1,Yes,No,No,No internet service,No internet service,No internet service,No internet service,No internet service,No internet service,Month-to-month,No,Bank transfer (automatic),20.2,20.2,No,0.0833333333333333,20.2,0.2075525000542397,No
34,3413-BMNZE,Male,1,No,No,1,Yes,No,DSL,No,No,No,No,No,No,Month-to-month,No,Bank transfer (automatic),45.25,45.25,No,0.0833333333333333,45.25,0.4168417803918293,No
35,6234-RAAPL,Female,0,Yes,Yes,72,Yes,Yes,Fiber optic,Yes,Yes,No,Yes,Yes,No,Two year,No,Bank transfer (automatic),99.9,7251.7,No,6.0,100.71805555555557,0.02344925376166986,No
36,6047-YHPVI,Male,0,No,No,5,Yes,No,Fiber optic,No,No,No,No,No,No,Month-to-month,Yes,Electronic check,69.7,316.9,Yes,0.4166666666666667,63.38,0.6630848457615252,Yes
37,6572-ADKRS,Female,0,No,No,46,Yes,No,Fiber optic,No,No,Yes,No,No,No,Month-to-month,Yes,Credit card (automatic),74.8,3548.3,No,3.8333333333333335,77.13695652173914,0.23998968395529463,No
38,5380-WJKOV,Male,0,No,No,34,Yes,Yes,Fiber optic,No,Yes,Yes,No,Yes,Yes,Month-to-month,Yes,Electronic check,106.35,3549.25,Yes,2.833333333333333,104.38970588235294,0.5907766315247299,Yes
39,8168-UQWWF,Female,0,No,No,11,Yes,Yes,Fiber optic,No,No,Yes,No,Yes,Yes,Month-to-month,Yes,Bank transfer (automatic),97.85,1105.4,Yes,0.9166666666666666,100.4909090909091,0.714023765342302,Yes
40,8865-TNMNX,Male,0,Yes,Yes,10,Yes,No,DSL,No,Yes,No,No,No,No,One year,No,Mailed check,49.55,475.7,No,0.8333333333333334,47.57,0.12063109855342927,No
41,9489-DEDVP,Female,0,Yes,Yes,70,Yes,Yes,DSL,Yes,Yes,No,No,Yes,No,Two year,Yes,Credit card (automatic),69.2,4872.35,No,5.833333333333333,69.605,0.011330619343615943,No
42,9867-JCZSP,Female,0,Yes,Yes,17,Yes,No,No,No internet service,No internet service,No internet service,No internet service,No internet service,No internet service,One year,No,Mailed check,20.75,418.25,No,1.4166666666666667,24.602941176470587,0.046658988742955945,No
43,4671-VJLCL,Female,0,No,No,63,Yes,Yes,DSL,Yes,Yes,Yes,Yes,Yes,No,Two year,Yes,Credit card (automatic),79.85,4861.45,No,5.25,77.16587301587302,0.012669717978066906,No
44,4080-IIARD,Female,0,Yes,No,13,Yes,Yes,DSL,Yes,Yes,No,Yes,Yes,No,Month-to-month,Yes,Electronic check,76.2,981.45,No,1.0833333333333333,75.49615384615385,0.30097687836905046,No
45,3714-NTNFO,Female,0,No,No,49,Yes,Yes,Fiber optic,No,No,No,No,No,Yes,Month-to-month,Yes,Electronic check,84.5,3906.7,No,4.083333333333333,79.72857142857143,0.41590966423324055,No
46,5948-UJZLF,Male,0,No,No,2,Yes,No,DSL,No,Yes,No,No,No,No,Month-to-month,No,Mailed check,49.25,97.0,No,0.1666666666666666,48.5,0.3072348435810885,No
47,7760-OYPDY,Female,0,No,No,2,Yes,No,Fiber optic,No,No,No,No,Yes,No,Month-to-month,Yes,Electronic check,80.65,144.15,Yes,0.1666666666666666,72.075,0.7299339361234582,Yes
48,7639-LIAYI,Male,0,No,No,52,Yes,Yes,DSL,Yes,No,No,Yes,Yes,Yes,Two year,Yes,Credit card (automatic),79.75,4217.8,No,4.333333333333333,81.11153846153846,0.029593163895805095,No
49,2954-PIBKO,Female,0,Yes,Yes,69,Yes,Yes,DSL,Yes,No,Yes,Yes,No,No,Two year,Yes,Credit card (automatic),64.15,4254.1,No,5.75,61.6536231884058,0.006265161552421785,No
50,8012-SOUDQ,Female,1,No,No,43,Yes,Yes,Fiber optic,No,Yes,No,No,Yes,No,Month-to-month,Yes,Electronic check,90.25,3838.75,No,3.583333333333333,89.27325581395348,0.5079621433097132,Yes
51,9420-LOJKX,Female,0,No,No,15,Yes,No,Fiber optic,Yes,Yes,No,No,Yes,Yes,Month-to-month,Yes,Credit card (automatic),99.1,1426.4,Yes,1.25,95.09333333333332,0.47114165609572267,No
52,6575-SUVOI,Female,1,Yes,No,25,Yes,Yes,DSL,Yes,No,No,Yes,Yes,No,Month-to-month,Yes,Credit card (automatic),69.5,1752.65,No,2.083333333333333,70.10600000000001,0.21576930199471903,No
53,7495-OOKFY,Female,1,Yes,No,8,Yes,Yes,Fiber optic,No,Yes,No,No,No,No,Month-to-month,Yes,Credit card (automatic),80.65,633.3,Yes,0.6666666666666666,79.1625,0.6263105489152335,Yes
54,4667-QONEA,Female,1,Yes,Yes,60,Yes,No,DSL,Yes,Yes,Yes,Yes,No,Yes,One year,Yes,Credit card (automatic),74.85,4456.35,No,5.0,74.27250000000001,0.021761974439720323,No
55,1658-BYGOY,Male,1,No,No,18,Yes,Yes,Fiber optic,No,No,No,No,Yes,Yes,Month-to-month,Yes,Electronic check,95.45,1752.55,Yes,1.5,97.36388888888888,0.7709744514248185,Yes
56,8769-KKTPH,Female,0,Yes,Yes,63,Yes,Yes,Fiber optic,Yes,No,No,No,Yes,Yes,One year,Yes,Credit card (automatic),99.65,6311.2,No,5.25,100.17777777777778,0.1405735256603809,No
57,5067-XJQFU,Male,1,Yes,Yes,66,Yes,Yes,Fiber optic,No,Yes,Yes,Yes,Yes,Yes,One year,Yes,Electronic check,108.45,7076.35,No,5.5,107.21742424242424,0.20606826107573495,No
58,3957-SQXML,Female,0,Yes,Yes,34,Yes,Yes,No,No internet service,No internet service,No internet service,No internet service,No internet service,No internet service,Two year,No,Credit card (automatic),24.95,894.3,No,2.833333333333333,26.302941176470583,0.012989576610056168,No
59,5954-BDFSG,Female,0,No,No,72,Yes,Yes,Fiber optic,No,No,Yes,Yes,Yes,Yes,Two year,Yes,Credit card (automatic),107.5,7853.7,No,6.0,109.07916666666668,0.07991208794075248,No
60,0434-CSFON,Female,0,Yes,No,47,Yes,Yes,Fiber optic,No,No,Yes,No,Yes,Yes,Month-to-month,Yes,Electronic check,100.5,4707.1,No,3.9166666666666665,100.15106382978723,0.5426388546045189,Yes
61,1215-FIGMP,Male,0,No,No,60,Yes,Yes,Fiber optic,No,Yes,No,No,Yes,No,Month-to-month,Yes,Bank transfer (automatic),89.9,5450.7,No,5.0,90.845,0.26807483038261387,No
62,0526-SXDJP,Male,0,Yes,No,72,No,No phone service,DSL,Yes,Yes,Yes,No,No,No,Two year,No,Bank transfer (automatic),42.1,2962.0,No,6.0,41.138888888888886,0.005254199791189921,No
63,0557-ASKVU,Female,0,Yes,Yes,18,Yes,No,DSL,No,No,Yes,Yes,No,No,One year,Yes,Credit card (automatic),54.4,957.1,No,1.5,53.172222222222224,0.09665620379832093,No
64,5698-BQJOH,Female,0,No,No,9,Yes,Yes,Fiber optic,No,No,No,No,Yes,Yes,Month-to-month,No,Electronic check,94.4,857.25,Yes,0.75,95.25,0.719563944841839,Yes
65,5122-CYFXA,Female,0,No,No,3,Yes,No,DSL,No,Yes,No,Yes,Yes,Yes,Month-to-month,Yes,Electronic check,75.3,244.1,No,0.25,81.36666666666666,0.4760472651193542,No
66,8627-ZYGSZ,Male,0,Yes,No,47,Yes,Yes,Fiber optic,No,Yes,No,No,No,No,One year,Yes,Electronic check,78.9,3650.35,No,3.9166666666666665,77.66702127659575,0.20800637676987507,No
67,3410-YOQBQ,Female,0,No,No,31,Yes,No,DSL,No,Yes,Yes,Yes,Yes,Yes,Two year,No,Mailed check,79.2,2497.2,No,2.583333333333333,80.55483870967741,0.041733484336758456,No
68,3170-NMYVV,Female,0,Yes,Yes,50,Yes,No,No,No internet service,No internet service,No internet service,No internet service,No internet service,No internet service,Two year,No,Bank transfer (automatic),20.15,930.9,No,4.166666666666667,18.618,0.004263697686726454,No
69,7410-OIEDU,Male,0,No,No,10,Yes,No,Fiber optic,Yes,No,Yes,No,No,No,Month-to-month,Yes,Mailed check,79.85,887.35,No,0.8333333333333334,88.735,0.44264224277733905,No
70,2273-QCKXA,Male,0,No,No,1,Yes,No,DSL,No,No,No,Yes,No,No,Month-to-month,No,Mailed check,49.05,49.05,No,0.0833333333333333,49.05,0.2741390628330026,No
71,0731-EBJQB,Female,0,Yes,Yes,52,Yes,No,No,No internet service,No internet service,No internet service,No internet service,No internet service,No internet service,One year,Yes,Electronic check,20.4,1090.65,No,4.333333333333333,20.974038461538463,0.014694472510811208,No
72,1891-QRQSA,Male,1,Yes,Yes,64,Yes,Yes,Fiber optic,Yes,No,Yes,Yes,Yes,Yes,Two year,Yes,Bank transfer (automatic),111.6,7099.0,No,5.333333333333333,110.921875,0.07793770755398223,No
73,8028-PNXHQ,Male,0,Yes,Yes,62,Yes,Yes,No,No internet service,No internet service,No internet service,No internet service,No internet service,No internet service,Two year,Yes,Bank transfer (automatic),24.25,1424.6,No,5.166666666666667,22.97741935483871,0.004345695762881738,No
74,5630-AHZIL,Female,0,No,Yes,3,Yes,No,DSL,Yes,No,No,Yes,No,Yes,Month-to-month,Yes,Bank transfer (automatic),64.5,177.4,No,0.25,59.13333333333333,0.2681480762528562,No
75,2673-CXQEU,Female,1,No,No,56,Yes,Yes,Fiber optic,Yes,Yes,Yes,No,Yes,Yes,One year,No,Electronic check,110.5,6139.5,No,4.666666666666667,109.63392857142856,0.21831133251351567,No
76,6416-JNVRK,Female,0,No,No,46,Yes,No,DSL,No,No,No,No,No,Yes,One year,No,Credit card (automatic),55.65,2688.85,No,3.8333333333333335,58.45326086956521,0.05044919234571955,No
77,5590-ZSKRV,Female,0,Yes,Yes,8,Yes,No,DSL,Yes,Yes,No,No,No,No,Month-to-month,No,Mailed check,54.65,482.25,No,0.6666666666666666,60.28125,0.1717809111873705,No
78,0191-ZHSKZ,Male,1,No,No,30,Yes,No,DSL,Yes,Yes,No,No,Yes,Yes,Month-to-month,Yes,Electronic check,74.75,2111.3,No,2.5,70.37666666666668,0.27636914503601234,No
79,3887-PBQAO,Female,0,Yes,Yes,45,Yes,Yes,No,No internet service,No internet service,No internet service,No internet service,No internet service,No internet service,One year,Yes,Credit card (automatic),25.9,1216.6,No,3.75,27.035555555555558,0.019982913595717116,No
80,5919-TMRGD,Female,0,No,Yes,1,Yes,No,Fiber optic,No,No,No,No,Yes,No,Month-to-month,Yes,Electronic check,79.35,79.35,Yes,0.0833333333333333,79.35,0.7157731542012795,Yes
81,8108-UXRQN,Female,0,Yes,Yes,11,No,No phone service,DSL,Yes,No,No,No,Yes,Yes,Month-to-month,No,Electronic check,50.55,565.35,No,0.9166666666666666,51.39545454545455,0.4508481155798038,No
82,9191-MYQKX,Female,0,Yes,No,7,Yes,No,Fiber optic,No,No,Yes,No,No,No,Month-to-month,Yes,Bank transfer (automatic),75.15,496.9,Yes,0.5833333333333334,70.98571428571428,0.5690097178432437,Yes
83,9919-YLNNG,Female,0,No,No,42,Yes,No,Fiber optic,No,Yes,Yes,Yes,Yes,Yes,Month-to-month,Yes,Bank transfer (automatic),103.8,4327.5,No,3.5,103.03571428571428,0.32397424725264296,No
84,0318-ZOPWS,Female,0,Yes,No,49,Yes,No,No,No internet service,No internet service,No internet service,No internet service,No internet service,No internet service,Two year,Yes,Bank transfer (automatic),20.15,973.35,No,4.083333333333333,19.864285714285717,0.007503466587900223,No
85,4445-ZJNMU,Male,0,No,No,9,Yes,Yes,Fiber optic,No,Yes,No,No,Yes,Yes,Month-to-month,Yes,Credit card (automatic),99.3,918.75,No,0.75,102.08333333333331,0.673565918702126,Yes
86,4808-YNLEU,Female,0,Yes,No,35,Yes,No,DSL,Yes,No,No,No,Yes,No,One year,Yes,Bank transfer (automatic),62.15,2215.45,No,2.9166666666666665,63.29857142857142,0.08063839072281517,No
87,1862-QRWPE,Female,0,Yes,Yes,48,Yes,No,No,No internet service,No internet service,No internet service,No internet service,No internet service,No internet service,Two year,No,Bank transfer (automatic),20.65,1057.0,No,4.0,22.02083333333333,0.005001674681420837,No
88,2796-NNUFI,Female,0,Yes,Yes,46,Yes,No,No,No internet service,No internet service,No internet service,No internet service,No internet service,No internet service,Two year,Yes,Mailed check,19.95,927.1,No,3.8333333333333335,20.15434782608696,0.00724360611493116,No
89,3016-KSVCP,Male,0,Yes,No,29,No,No phone service,DSL,No,No,No,No,Yes,No,Month-to-month,No,Mailed check,33.75,1009.25,No,2.4166666666666665,34.80172413793103,0.24244115484061407,No
90,4767-HZZHQ,Male,0,Yes,Yes,30,Yes,No,Fiber optic,No,Yes,Yes,No,No,No,Month-to-month,No,Bank transfer (automatic),82.05,2570.2,No,2.5,85.67333333333333,0.24305298603413122,No
91,2424-WVHPL,Male,1,No,No,1,Yes,No,Fiber optic,No,No,No,Yes,No,No,Month-to-month,No,Electronic check,74.7,74.7,No,0.0833333333333333,74.7,0.5846551425091483,Yes
92,7233-PAHHL,Male,0,Yes,Yes,66,Yes,Yes,DSL,Yes,No,Yes,Yes,Yes,Yes,Two year,Yes,Mailed check,84.0,5714.25,No,5.5,86.57954545454545,0.01786118906920371,No
93,6067-NGCEU,Female,0,No,No,65,Yes,Yes,Fiber optic,Yes,Yes,Yes,No,Yes,Yes,Month-to-month,Yes,Credit card (automatic),111.05,7107.0,No,5.416666666666667,109.33846153846154,0.24623570834559388,No
94,9848-JQJTX,Male,0,No,No,72,Yes,Yes,Fiber optic,No,Yes,Yes,No,Yes,Yes,Two year,Yes,Bank transfer (automatic),100.9,7459.05,No,6.0,103.59791666666666,0.10000614905831044,No
95,8637-XJIVR,Female,0,No,No,12,Yes,Yes,Fiber optic,Yes,No,No,No,No,No,Month-to-month,Yes,Electronic check,78.95,927.35,Yes,1.0,77.27916666666667,0.5837073939807119,Yes
96,9803-FTJCG,Male,0,Yes,Yes,71,Yes,Yes,DSL,Yes,Yes,No,Yes,No,No,One year,Yes,Credit card (automatic),66.85,4748.7,No,5.916666666666667,66.8830985915493,0.01059592405969835,No
97,0278-YXOOG,Male,0,No,No,5,Yes,No,No,No internet service,No internet service,No internet service,No internet service,No internet service,No internet service,Month-to-month,No,Mailed check,21.05,113.85,Yes,0.4166666666666667,22.77,0.1656009706541462,No
98,3212-KXOCR,Male,0,No,No,52,Yes,No,No,No internet service,No internet service,No internet service,No internet service,No internet service,No internet service,Two year,No,Bank transfer (automatic),21.0,1107.2,No,4.333333333333333,21.29230769230769,0.004493905654848988,No
99,4598-XLKNJ,Female,1,Yes,No,25,Yes,No,Fiber optic,No,Yes,Yes,No,Yes,Yes,Month-to-month,Yes,Electronic check,98.5,2514.5,Yes,2.083333333333333,100.58,0.6494417860502045,Yes
